timestamp,operation,id,status,latency
2025-07-01T02:52:59,GET,alert-206681349/c8187a7d-324d-48de-96cd-f597a2331883,MISS,0.014
2025-07-01T02:53:00,GET,alert-206842654/bbfa7d22-e7b5-4653-bebc-ebf0e4fc2719,HIT,0.0015
2025-07-01T02:53:00,GET,alert-206651463/0da4e430-57bd-4981-b37f-d6c0b9adb7b4,HIT,0.0037
2025-07-01T02:53:00,GET,alert-786172026/f432b0ec-b878-4c09-990b-4765d48db940,MISS,0.0157
2025-07-01T02:53:00,GET,alert-206651463/0da4e430-57bd-4981-b37f-d6c0b9adb7b4,HIT,0.001
2025-07-01T02:53:01,GET,alert-1323931504/dffadf98-4e33-44e7-a582-c2aae430e101,MISS,0.0038
2025-07-01T02:53:02,GET,alert-206765372/30273b70-113d-4a5c-ae88-8973fbb2c9d5,HIT,0.0032
2025-07-01T02:53:03,GET,alert-206804465/71f2ba23-2163-444d-86a0-2e145d0cb8d7,MISS,0.0032
2025-07-01T02:53:03,GET,alert-1708680056/7f5bba18-5841-43a5-a48f-4ce00e754bd1,HIT,0.0016
2025-07-01T02:53:04,GET,alert-786172028/c23180b7-3977-4234-b6ed-ad7d91f0be64,HIT,0.0007
2025-07-01T02:53:04,GET,alert-1323931504/dffadf98-4e33-44e7-a582-c2aae430e101,HIT,0.0014
2025-07-01T02:53:06,GET,alert-1323789829/986cad61-db41-46f9-abce-cf6ab3df1a78,HIT,0.0007
2025-07-01T02:53:06,GET,alert-206702102/7f8e785c-6e11-49a6-ae51-62fb3df74a69,MISS,0.0036
2025-07-01T02:53:07,GET,alert-202246826/db6acdc9-03da-4b3e-a646-c7a127ce89ea,MISS,0.0029
2025-07-01T02:53:08,GET,alert-17394313/f1798cab-7917-4a41-b9e3-46856a4cf01b,HIT,0.0034
2025-07-01T02:53:09,GET,alert-206602048/be4dd491-858c-449e-a5f1-ad573f0ebdec,HIT,0.0008
2025-07-01T02:53:11,GET,alert-199956906/07dba583-5ed6-4743-8053-216c5c1b88fb,HIT,0.0012
2025-07-01T02:53:12,GET,alert-206723143/90fe1375-37e5-4e55-aebd-d58050beaac9,MISS,0.0061
2025-07-01T02:53:14,GET,alert-206608835/7e5dcb1f-c4a0-48b5-bfcc-ea19ad88f4d6,HIT,0.003
2025-07-01T02:53:15,GET,alert-206576531/1b89e129-295e-44c4-8eb4-a2356bc7287b,HIT,0.0032
2025-07-01T02:53:15,GET,user-14,HIT,0.002
2025-07-01T02:53:16,GET,alert-97975577/d91c386e-77f8-40d5-a89e-d6922c323212,MISS,0.0139
2025-07-01T02:53:16,GET,user-2,HIT,0.0035
2025-07-01T02:53:16,GET,alert-1323756064/68f9313b-a76c-4d3a-8034-260e7cacb6d5,HIT,0.0035
2025-07-01T02:53:18,GET,alert-206411662/ebf935f8-5d33-4116-bf10-841073cc7885,HIT,0.0033
2025-07-01T02:53:19,GET,alert-797177113/289e955c-3155-4bee-a6db-bf568ab2a130,HIT,0.0014
2025-07-01T02:53:21,GET,alert-168296907/a0e1be22-19cf-48ba-a827-9db4b4ae704d,HIT,0.0035
2025-07-01T02:53:21,GET,alert-184775148/ea5fe5d9-cf02-458d-887c-323d6e156bfe,MISS,0.0134
2025-07-01T02:53:23,GET,alert-205395501/4d75ea4c-195f-4bc4-8615-5fe26fbcec55,MISS,0.0099
2025-07-01T02:53:25,GET,alert-182487001/56a70c7f-97f5-4621-82ef-7f1d2387bad9,HIT,0.0012
2025-07-01T02:53:25,GET,alert-206576531/1b89e129-295e-44c4-8eb4-a2356bc7287b,HIT,0.0031
2025-07-01T02:53:27,GET,user-19,MISS,0.0071
2025-07-01T02:53:29,GET,alert-797177113/289e955c-3155-4bee-a6db-bf568ab2a130,HIT,0.0036
2025-07-01T02:53:31,GET,user-7,HIT,0.0015
2025-07-01T02:53:31,GET,alert-1299254083/a0613819-6f13-4b62-9898-d6ca7c690857,HIT,0.001
2025-07-01T02:53:31,GET,alert-1622178290/680ddf60-ec4b-403d-8640-163d9c490b81,MISS,0.0165
2025-07-01T02:53:33,GET,alert-206433342/c6835054-ce98-46e2-9b4c-b826bf937f4a,HIT,0.0034
2025-07-01T02:53:35,GET,alert-191479852/ebd6ff5e-f763-460d-9d05-0186e28509ee,HIT,0.0011
2025-07-01T02:53:38,GET,alert-206721095/3bec90e4-a19a-4dc4-97e2-9d18bda4b6cd,MISS,0.0117
2025-07-01T02:53:38,GET,alert-1323896868/08ebc5de-6a3c-4e90-89df-734a8f57ef3a,HIT,0.0009
2025-07-01T02:53:38,GET,alert-194088217/4447177a-96d2-4cc4-bec5-f760a99e6bbf,MISS,0.004
2025-07-01T02:53:42,GET,alert-206608835/7e5dcb1f-c4a0-48b5-bfcc-ea19ad88f4d6,HIT,0.001
2025-07-01T02:53:45,GET,user-15,HIT,0.0012
2025-07-01T02:53:45,GET,alert-206842654/bbfa7d22-e7b5-4653-bebc-ebf0e4fc2719,HIT,0.0011
2025-07-01T02:53:46,GET,alert-1772923496/077ee7d5-c978-487f-8605-30ce980be39a,MISS,0.0093
2025-07-01T02:53:46,GET,user-5,HIT,0.0038
2025-07-01T02:53:46,GET,alert-156458756/c6c73b1a-1adc-4bec-894a-ea6416a57b77,HIT,0.0033
2025-07-01T02:53:46,GET,alert-205395501/4d75ea4c-195f-4bc4-8615-5fe26fbcec55,HIT,0.0032
2025-07-01T02:53:47,GET,alert-206788652/1ddee2e8-e46d-4ae6-b9e8-1087b196d1b3,MISS,0.004
2025-07-01T02:53:47,GET,alert-1323770670/d9401fa3-7e2a-4aaa-bc39-ff83018a1ee5,HIT,0.002
2025-07-01T02:53:49,GET,user-7,HIT,0.0037
2025-07-01T02:53:49,GET,alert-206433342/c6835054-ce98-46e2-9b4c-b826bf937f4a,HIT,0.0012
2025-07-01T02:53:50,GET,alert-206757807/0cc86922-433c-41da-a48a-a16331f4c50c,HIT,0.0034
2025-07-01T02:53:50,GET,alert-185452783/0307c1c7-947a-4d87-ae67-8a71ae9de07c,MISS,0.0044
2025-07-01T02:53:51,GET,alert-206433342/c6835054-ce98-46e2-9b4c-b826bf937f4a,HIT,0.0038
2025-07-01T02:53:51,GET,user-17,MISS,0.0115
2025-07-01T02:53:53,GET,alert-206809042/bd27543c-c548-4332-9fec-680fa6309b9c,HIT,0.0034
2025-07-01T02:53:53,GET,alert-1622183604/c41e890b-6810-434a-8894-42a8a58185e4,HIT,0.0011
2025-07-01T02:53:55,GET,alert-206837806/3c6a35a7-6561-4d3d-a27d-85d166afa4b0,MISS,0.0042
2025-07-01T02:53:55,GET,alert-206571251/ad3d01f8-f1c0-4585-ba24-4d9064ab6a48,MISS,0.0074
2025-07-01T02:53:58,GET,alert-206670306/46867d3f-a6b8-4e63-862e-7a2c91110be0,HIT,0.0036
2025-07-01T02:53:58,GET,alert-199956906/07dba583-5ed6-4743-8053-216c5c1b88fb,HIT,0.0021
2025-07-01T02:53:59,GET,alert-206707423/809d6dea-2dd9-4619-9ad9-39b895b1c944,HIT,0.0013
2025-07-01T02:54:00,GET,alert-206733542/745da106-ffc4-44f6-876c-bdde4449866d,MISS,0.0083
2025-07-01T02:54:03,GET,alert-199651861/755e7e42-6aad-4292-b3c6-9dadf52c8606,MISS,0.0182
2025-07-01T02:54:05,GET,alert-206726200/36ecd390-ac8c-431b-b749-13aed3a89494,MISS,0.0193
2025-07-01T02:54:05,GET,user-18,HIT,0.0036
2025-07-01T02:54:05,GET,alert-206671643/2a02708a-748a-4a3d-acfc-75d62f5b9bcb,HIT,0.0036
2025-07-01T02:54:05,GET,alert-17428440/f1ca63e6-9882-4576-9c75-79d250b3303d,HIT,0.0027
2025-07-01T02:54:07,GET,alert-202246826/db6acdc9-03da-4b3e-a646-c7a127ce89ea,HIT,0.0008
2025-07-01T02:54:09,GET,user-1,MISS,0.0156
2025-07-01T02:54:10,GET,alert-205982307/c189e0aa-57b1-49a0-bc9a-750dfef7e3b5,HIT,0.0032
2025-07-01T02:54:11,GET,alert-206763865/7fa6a338-f1f9-4a62-b423-8532055a4281,HIT,0.0039
2025-07-01T02:54:11,GET,alert-202806198/2ef5fbce-4749-4659-887a-e6ad7550af5d,HIT,0.0038
2025-07-01T02:54:12,GET,alert-1622105494/01fd7649-f66a-401d-b719-c0a6d2826da6,MISS,0.0161
2025-07-01T02:54:14,GET,alert-206647209/556c4af4-5f3e-465d-96ef-717c54857f34,MISS,0.0088
2025-07-01T02:54:15,GET,alert-206692134/8d3c4d46-8257-4c71-b348-480d85c44bd8,HIT,0.003
2025-07-01T02:54:15,GET,alert-102890766/c1588014-acf6-495b-8237-14adccbd1d78,MISS,0.0122
2025-07-01T02:54:15,GET,alert-1772923496/077ee7d5-c978-487f-8605-30ce980be39a,HIT,0.0006
2025-07-01T02:54:15,GET,alert-156458756/c6c73b1a-1adc-4bec-894a-ea6416a57b77,HIT,0.0011
2025-07-01T02:54:16,GET,alert-786172026/f432b0ec-b878-4c09-990b-4765d48db940,HIT,0.0033
2025-07-01T02:54:17,GET,alert-206696821/1c729b67-d676-4e6f-adfd-94e3da042d62,MISS,0.014
2025-07-01T02:54:17,GET,alert-168649933/3b757711-4368-4f0b-8e99-068f7cec6c82,MISS,0.0172
2025-07-01T02:54:20,GET,alert-206469465/07dc2a73-0e48-4961-a202-da22c0ca563b,HIT,0.0009
2025-07-01T02:54:20,GET,alert-185452783/0307c1c7-947a-4d87-ae67-8a71ae9de07c,HIT,0.0034
2025-07-01T02:54:21,GET,alert-206601852/a1b988d5-d07d-4929-8be7-0c52357d6011,HIT,0.0039
2025-07-01T02:54:23,GET,alert-206082299/609cf8ce-233a-4b83-95be-47d70d9896f6,HIT,0.0032
2025-07-01T02:54:23,GET,alert-206694097/056d7679-7548-4f8d-8845-ac975d77ac5f,HIT,0.0035
2025-07-01T02:54:25,GET,alert-146479771/044029d8-fe05-48e4-9e4a-8f529994bcef,HIT,0.0026
2025-07-01T02:54:25,GET,alert-206681349/c8187a7d-324d-48de-96cd-f597a2331883,HIT,0.0037
2025-07-01T02:54:25,GET,alert-149944274/90eb9f15-2d8d-47d4-a47a-b19be5e62731,HIT,0.0036
2025-07-01T02:54:27,GET,alert-206720926/6d447bc4-8bbc-44f3-9628-641ca3ee1819,MISS,0.0158
2025-07-01T02:54:27,GET,alert-786172028/c23180b7-3977-4234-b6ed-ad7d91f0be64,HIT,0.001
2025-07-01T02:54:28,GET,alert-177863132/895cc080-5bee-4b7a-b9bf-d0320d45246a,HIT,0.0007
2025-07-01T02:54:28,GET,alert-206702102/7f8e785c-6e11-49a6-ae51-62fb3df74a69,HIT,0.0037
2025-07-01T02:54:29,GET,alert-205395501/4d75ea4c-195f-4bc4-8615-5fe26fbcec55,HIT,0.0038
2025-07-01T02:54:30,GET,alert-1848275482/2fe8653e-113e-48e1-991e-539c7ce09f18,MISS,0.0175
2025-07-01T02:54:30,GET,alert-189316815/f595466c-469a-431f-b060-8c7d9a1d231a,HIT,0.0011
2025-07-01T02:54:31,GET,alert-206726200/36ecd390-ac8c-431b-b749-13aed3a89494,HIT,0.0029
2025-07-01T02:54:32,GET,alert-206723447/e42a17b2-ae38-4051-9f8a-73cf366c1ff4,HIT,0.0038
